n,t5,t10,t15,t20,t30,t50
500,31,28,27,25,25,23
600,37,33,32,29,29,26
700,46,44,40,39,76,31
800,55,50,46,45,41,38
900,61,55,51,50,46,46
1000,80,62,127,118,58,53
1100,79,71,71,64,64,59
1200,174,158,71,143,69,63
1300,94,86,84,80,76,71
1400,106,101,92,92,84,77
1500,116,109,99,99,91,84
1600,127,116,106,105,96,90
1700,133,122,112,112,107,93
1800,133,123,116,114,161,109
1900,155,130,120,195,114,114
2000,162,149,139,132,132,120
2100,164,151,151,138,138,128
2200,177,162,161,182,147,135
2300,168,165,162,148,151,145
2400,242,172,173,153,152,142
2500,187,180,173,171,163,152
2600,208,193,174,162,156,146
2700,204,192,183,180,171,158
2800,211,213,188,188,172,161
2900,226,211,194,189,175,164
3000,235,215,196,195,187,181
3100,238,221,210,207,191,181
3200,262,239,221,220,199,197
3300,264,245,228,224,212,202
3400,266,251,231,228,216,210
3500,286,264,245,242,227,220
3600,278,254,234,244,219,219
3700,295,272,249,250,238,238
3800,314,281,261,267,227,232
3900,309,290,275,259,251,250
4000,325,295,275,259,261,243
4100,321,297,296,272,266,250
4200,331,309,303,281,276,259
4300,359,316,316,282,291,260
4400,364,311,311,289,285,268
4500,353,328,329,305,306,285
4600,374,349,340,316,316,288
4700,370,347,346,313,320,299
4800,382,362,355,331,315,297
4900,393,361,359,330,329,310
5000,412,378,380,355,350,329
5100,411,371,369,348,345,325
5200,414,390,379,355,345,334
5300,418,393,384,380,359,339
5400,436,408,393,387,381,352
5500,497,432,410,409,374,359
5600,464,447,422,424,384,368
5700,492,471,440,438,396,379
5800,486,467,436,431,387,372
5900,495,469,434,445,401,382
6000,512,498,462,459,403,388
6100,535,474,440,466,416,398
6200,539,511,470,472,433,390
6300,562,518,475,485,453,428
6400,552,513,481,476,445,427
6500,568,519,476,475,458,442
6600,565,520,483,484,439,435
6700,551,522,484,477,448,445
6800,585,547,505,507,470,478
6900,594,546,505,498,468,466
7000,601,560,522,544,477,478
7100,586,581,537,526,493,487
7200,598,565,517,521,478,478
7300,620,569,516,514,484,481
7400,633,589,542,545,505,507
7500,643,625,570,542,516,530
7600,667,584,549,541,507,505
7700,673,634,582,580,537,532
7800,678,630,602,583,555,536
7900,699,633,611,588,585,550
8000,701,667,635,610,613,561
8100,709,660,647,608,608,571
8200,708,664,681,628,623,590
8300,694,652,645,604,596,564
8400,731,672,669,623,622,584
8500,741,677,677,629,629,588
8600,749,699,696,635,628,589
8700,742,706,706,657,655,621
8800,765,712,713,664,665,613
8900,776,739,740,680,686,638
9000,776,737,745,681,669,636
9100,809,756,746,697,694,651
9200,798,746,716,669,691,637
9300,807,779,776,721,705,666
9400,792,741,738,685,689,647
9500,838,768,764,721,721,688
9600,845,815,764,727,721,671
9700,869,811,816,754,722,685
9800,856,796,774,718,725,696
9900,851,807,819,754,748,701
10000,886,807,799,752,746,702
10100,864,814,812,768,732,696
10200,865,804,810,752,747,701
10300,909,852,850,797,789,746
10400,892,840,810,777,745,714
10500,935,899,881,834,792,746
10600,964,904,887,857,814,776
10700,938,887,850,849,794,759
10800,927,875,854,849,794,793
10900,1016,978,901,885,827,792
11000,979,939,892,889,868,776
11100,954,915,868,864,806,767
11200,988,953,902,902,804,770
11300,1049,1008,922,944,864,802
11400,1004,979,896,902,841,799
11500,1043,1003,929,922,874,814
11600,1088,1046,989,951,861,837
11700,1097,1039,974,993,885,806
11800,1095,1012,933,936,893,857
11900,1105,1030,947,975,889,850
12000,1141,1078,1012,996,930,897
12100,1144,1050,1015,1000,930,872
12200,1095,1051,962,983,897,840
12300,1140,1063,1006,1006,937,896
12400,1178,1083,1008,1009,945,900
12500,1193,1066,1021,1010,950,907
12600,1176,1103,1028,1018,945,910
12700,1216,1131,1061,1056,996,946
12800,1237,1107,1020,1017,939,917
12900,1228,1152,1059,1039,977,955
13000,1207,1122,1060,1055,991,969
13100,1266,1120,1060,1061,979,957
13200,1231,1160,1069,1067,980,972
13300,1257,1163,1090,1097,1030,1033
13400,1261,1177,1082,1080,1016,1007
13500,1216,1140,1070,1066,1002,1014
13600,1289,1170,1091,1083,996,987
13700,1242,1188,1074,1065,999,1001
13800,1275,1236,1156,1091,1023,1022
13900,1270,1195,1123,1109,1037,1050
14000,1332,1192,1129,1131,1059,1052
14100,1338,1239,1162,1161,1091,1078
14200,1290,1216,1157,1122,1054,1055
14300,1296,1204,1121,1123,1052,1050
14400,1377,1280,1200,1208,1136,1134
14500,1337,1241,1157,1157,1099,1093
14600,1367,1254,1186,1135,1069,1067
14700,1347,1271,1192,1188,1096,1090
14800,1386,1300,1210,1211,1153,1162
14900,1377,1284,1180,1164,1093,1090
15000,1382,1281,1188,1210,1138,1161
15100,1368,1260,1181,1182,1109,1104
15200,1370,1323,1242,1245,1158,1202
15300,1432,1330,1250,1277,1204,1204
15400,1476,1339,1271,1232,1155,1180
15500,1408,1322,1242,1223,1174,1148
15600,1453,1352,1297,1267,1232,1214
15700,1397,1361,1301,1264,1240,1196
15800,1592,1339,1307,1273,1287,1211
15900,1492,1388,1362,1343,1308,1232
16000,1497,1397,1366,1294,1320,1211
16100,1482,1386,1374,1289,1281,1190
16200,1512,1422,1403,1324,1541,1368
16300,1541,1375,1384,1295,1328,1267
16400,1548,1454,1406,1309,1319,1234
16500,1514,1492,1512,1402,1329,1249
16600,1533,1408,1407,1329,1368,1271
16700,1546,1418,1419,1327,1530,1260
16800,1555,1464,1454,1320,1312,1225
16900,1548,1429,1453,1379,1370,1307
17000,1523,1440,1445,1357,1398,1275
17100,1568,1490,1489,1392,1424,1370
17200,1562,1471,1504,1423,1389,1342
17300,1594,1474,1506,1415,1408,1329
17400,1629,1492,1488,1434,1405,1323
17500,1683,1567,1549,1409,1409,1333
17600,1685,1572,1569,1471,1419,1323
17700,1693,1548,1474,1381,1384,1300
17800,1667,1534,1496,1415,1442,1340
17900,1674,1572,1578,1442,1471,1391
18000,1635,1561,1542,1447,1464,1343
18100,1694,1546,1536,1442,1441,1360
18200,1734,1590,1577,1583,1473,1368
18300,1716,1588,1551,1435,1440,1409
18400,1667,1537,1538,1489,1433,1354
18500,1686,1608,1627,1522,1518,1422
18600,1680,1618,1656,1506,1520,1381
18700,1781,1584,1582,1484,1465,1389
18800,1807,1607,1811,1641,1517,1412
18900,1813,1640,1614,1510,1508,1437
19000,1793,1673,1635,1500,1488,1405
19100,1729,1611,1613,1508,1516,1425
19200,1842,1687,1700,1562,1562,1466
19300,1764,1666,1702,1538,1538,1481
19400,1834,1668,1680,1518,1532,1437
19500,1878,1744,1744,1561,1550,1471
19600,1865,1750,1739,1623,1573,1491
19700,1847,1710,1730,1588,1584,1511
19800,1810,1709,1732,1614,1617,1526
19900,1836,1717,1725,1600,1606,1518
20000,1863,1731,1733,1594,1579,1501
20100,1913,1774,1756,1590,1636,2223
20200,2285,1722,1727,1591,1595,1500
20300,1891,1796,1780,1676,1687,1576
20400,1968,1874,1721,1595,1640,1588
20500,1890,1784,1783,1622,1620,1581
20600,1961,1790,1836,1688,1626,1534
20700,1917,1807,1761,1686,1662,1568
20800,1994,1842,1818,1730,1688,1555
20900,1986,1854,1780,1720,1676,1584
21000,2009,1854,1797,1741,1675,1564
21100,2027,1897,1874,1790,1722,1673
21200,2093,1921,1848,1849,1794,1620
21300,2232,1929,1864,1843,1805,1651
21400,2099,1855,1792,1792,1746,1649
21500,2072,2020,1867,1853,1725,1605
21600,2078,1874,1861,1807,1692,1606
21700,2057,1973,1903,1893,1739,1648
21800,2030,2025,1946,1865,1710,1624
21900,2089,2065,1982,1950,1814,1705
22000,2121,1967,1907,1873,1734,1645
22100,2239,2035,1980,1983,1758,1665
22200,2158,2009,1851,1851,1742,1668
22300,2169,2085,1955,1899,1797,1682
22400,2155,2017,1879,1880,1770,1762
22500,2150,2072,1969,1936,1880,1766
22600,2095,2042,2012,1947,1776,1698
22700,2268,2170,2016,1979,1826,1740
22800,2196,2067,1965,1959,1861,1761
22900,2239,2117,2010,2020,1821,1725
23000,2232,2068,2006,2044,1890,1765
23100,2227,2135,1979,2027,1886,1781
23200,2218,2142,1969,2018,1899,1806
23300,2183,2115,1955,1961,1848,1752
23400,2274,2127,1964,1961,1844,1763
23500,2307,2163,2010,2011,1893,1824
23600,2315,2119,2042,2022,1862,1775
23700,2354,2228,2067,2024,1910,1846
23800,2313,2141,1996,2001,1880,1793
23900,2321,2192,2060,2040,1920,2059
24000,2297,2153,2046,2074,1902,1831
24100,2435,2283,2124,2093,1944,1837
24200,2471,2342,2183,2094,1999,1857
24300,2427,2288,2161,2156,2039,1944
24400,2363,2252,2134,2117,2008,1914
24500,2517,2376,2185,2128,2055,1950
24600,2348,2207,2071,2074,1952,1866
24700,2432,2250,2096,2088,1970,1883
24800,2418,2262,2102,2088,1978,1881
24900,2397,2266,2100,2096,1988,1902
25000,2390,2246,2111,2111,1984,1904
25100,2454,2281,2147,2161,2048,1925
25200,2475,2258,2116,2120,2027,1921
25300,2496,2334,2196,2164,2019,1935
25400,2532,2375,2226,2222,2110,2012
25500,2557,2399,2315,2254,2451,1944
25600,2505,2330,2219,2213,2048,1947
25700,2540,3432,2193,2204,2137,2056
25800,2504,2312,2173,2164,2053,2005
25900,2498,2344,2220,2200,2083,2043
26000,2560,2431,2200,2233,2074,2099
26100,2598,2336,2204,2220,2079,2076
26200,2515,2448,2301,2386,2251,2255
26300,2785,2582,2337,2336,2249,2231
26400,2686,2473,2303,2215,2096,2092
26500,2668,2387,2249,2253,2123,2124
26600,2633,2460,2278,2241,2114,2115
26700,2672,2472,3049,2311,2164,2114
26800,2660,2495,2348,2312,2149,2142
26900,2738,2577,2294,2352,2176,2165
27000,2733,2432,2290,2283,2165,2167
27100,2746,2490,2318,2309,2183,2294
27200,2865,2486,2321,2342,2175,2220
27300,2618,2439,2288,2284,2167,2158
27400,2706,4009,2612,2384,2285,2289
27500,2845,2580,2328,2486,2238,2192
27600,2753,2583,2401,2340,2258,2205
27700,2719,2503,2348,2347,2232,2224
27800,2638,2481,2321,2308,2299,2286
27900,3057,2634,2403,2519,2295,2273
28000,2808,2637,2469,2481,2325,2326
28100,2740,2582,2426,2385,2247,2267
28200,2690,2542,2391,2378,2257,2294
28300,2722,2587,2450,2461,2319,2329
28400,2825,2621,2503,2517,2328,2290
28500,2778,2590,2494,2419,2371,2313
28600,2875,2688,2527,2531,2412,2383
28700,2747,2583,2446,2426,2305,2373
28800,2802,2609,2451,2462,2337,2378
28900,2738,2616,2467,2423,2304,2331
29000,2937,2690,2412,2421,2324,2346
29100,2811,2626,2516,2526,2294,2361
29200,2934,2615,2471,2447,2327,2333
29300,2932,2759,2555,2498,2371,2522
29400,3052,2899,2679,2673,2531,2534
29500,2895,2664,2503,2479,2349,2395
29600,2873,2695,2526,2528,2413,2404
29700,2981,2710,2584,2584,2422,2377
29800,2927,2715,2546,2550,2428,2442
29900,2964,2791,2595,2575,2436,2432
30000,3094,2851,2721,2686,2540,2456
30100,3098,2913,2666,2684,2520,2533
30200,3096,2760,2668,2662,2484,2588
30300,2928,2747,2574,2590,2445,2444
30400,3168,2920,2751,2762,2617,2606
30500,3006,2817,2662,2668,2513,2495
30600,3012,2785,2628,2644,2483,2500
30700,3035,2849,2697,2693,2500,2493
30800,2966,2766,2625,2755,2538,2503
30900,3109,2891,2769,2716,2614,2592
31000,3092,2837,2748,2657,2571,2513
31100,3009,2812,2741,2684,2598,2586
31200,3201,3021,2914,2853,2768,2693
31300,3081,2849,2769,2668,2620,2571
31400,3249,3052,2863,2764,2750,2610
31500,3189,2957,2875,2801,2742,2632
31600,3170,2978,2817,2681,2675,2555
31700,3073,2910,2894,2690,2909,2630
31800,3154,2886,2802,2810,2710,2568
31900,3095,2913,2844,2734,2729,2612
32000,3197,2847,3014,2864,2702,2797
32100,3192,2959,2855,2792,2780,2660
32200,3284,3009,3002,2917,2843,2699
32300,3310,3025,3070,2825,2823,2602
32400,3277,3043,3113,2932,2855,2701
32500,3312,3070,2961,2743,2822,2624
32600,3367,3035,3065,2810,2826,2698
32700,3210,3056,2942,2789,2780,2646
32800,3273,3103,3099,2907,2888,2747
32900,3267,3020,3015,2795,2794,2728
33000,3182,2975,2973,2809,2811,2682
33100,3245,3084,3083,2945,2957,2795
33200,3180,2972,3100,2962,2858,2679
33300,3274,3160,3140,2970,2969,2826
33400,3404,3151,3152,2974,2969,2814
33500,3309,3140,3149,2953,2883,2775
33600,3330,3083,3079,2905,2893,2765
33700,3388,3220,3203,2936,2971,2810
33800,3453,3190,3229,3013,2986,2847
33900,3395,3176,3178,2997,2992,2847
34000,3398,3147,3151,2894,2885,2763
34100,3417,3194,3109,2953,2957,2791
34200,3281,3073,3074,2900,2890,2751
34300,3332,3178,3234,2958,2911,2777
34400,3428,3152,3144,2973,2905,2772
34500,3472,3296,3164,2964,3000,2857
34600,3479,3274,3267,3074,3074,2937
34700,3531,3253,3112,2908,3019,2838
34800,3439,3232,3166,2960,2953,2838
34900,3512,3307,3180,2992,2989,2861
35000,3517,3312,3284,2981,2989,2820
35100,3505,3317,3302,3116,3101,2977
35200,3515,3307,3311,3102,3103,2954
35300,3610,3182,3235,2970,2975,2837
35400,3554,3344,3358,3137,3131,2980
35500,3542,3337,3437,3209,3222,3066
35600,3603,3261,3291,3099,3113,2882
35700,3613,3381,3385,3175,3172,3040
35800,3451,3254,3235,3036,3035,2906
35900,3654,3349,3232,3038,3064,2918
36000,3529,3437,3425,3168,3104,2948
36100,3618,3408,3401,3198,3213,3054
36200,3668,3439,3320,3160,3177,2925
36300,3611,3336,3347,3202,3112,3029
36400,3650,3389,3399,3090,3096,2961
36500,3571,3407,3382,3071,3164,3018
36600,3513,3432,3490,3217,3228,3082
36700,3663,3449,3434,3211,3134,2985
36800,3667,3370,3306,3141,3104,2974
36900,3713,3508,3509,3284,3287,3141
37000,3608,3391,3380,3192,3183,3044
37100,3577,3467,3496,3248,3206,3105
37200,3669,3496,3613,3362,3283,3145
37300,3867,3629,3585,3339,3355,3191
37400,3621,3328,3322,3138,3113,2974
37500,3761,3514,3423,3226,3219,3067
37600,3642,3359,3348,3160,3141,3024
37700,3651,3398,3430,3195,3183,3059
37800,3807,3581,3575,3358,3268,3141
37900,3821,3602,3597,3377,3372,3244
38000,3889,3559,3573,3422,3370,3178
38100,3824,3487,3530,3341,3308,3188
38200,3706,3459,3463,3260,3251,3121
38300,3761,3470,3452,3268,3246,3147
38400,3848,3623,3611,3393,3395,3271
38500,3779,3499,3503,3287,3268,3134
38600,3831,3479,3546,3390,3249,3118
38700,3876,3626,3638,3340,3299,3143
38800,3885,3671,3595,3400,3392,3289
38900,3845,3548,3525,3308,3308,3178
39000,4019,3791,3673,3319,3319,3178
39100,3753,3686,3638,3420,3468,3168
39200,3950,3541,3551,3309,3311,3185
39300,4036,3803,3781,3508,3520,3331
39400,4047,3813,3776,3506,3487,3336
39500,3780,3712,3658,3450,3381,3200
39600,3916,3606,3719,3414,3441,3613
39700,3936,3695,3655,3510,3373,3316
39800,3857,3600,3599,3414,3512,3289
39900,4004,3783,3783,3551,3579,3452
40000,3983,3672,3764,3514,3543,3384
40100,4043,3715,3899,3549,3507,3434
40200,3869,3799,3946,3549,3638,3328
40300,4159,3943,3918,3602,3603,3430
40400,4000,3786,3772,3564,3511,3305
40500,4121,3789,3732,3477,3530,3427
40600,4158,3957,3941,3670,3530,3301
40700,4112,3817,3970,3595,3608,3525
40800,3952,3814,3821,3595,3494,3351
40900,4154,3780,3736,3523,3525,3483
41000,4053,3791,3873,3660,3647,3388
41100,4017,3739,3722,3527,3502,3417
41200,4064,3863,3825,3653,3627,3459
41300,4170,3834,3899,3712,3631,3444
41400,4108,3948,4057,3677,3682,3583
41500,4562,8848,3831,3718,3713,3397
41600,4076,3917,3897,3635,3519,3500
41700,4009,3819,3762,3629,3538,3430
41800,4179,4137,4216,3816,3710,3527
41900,4092,3894,3807,3883,3644,3463
42000,4375,4169,3971,3982,3698,3552
42100,4345,4176,3934,3853,3602,3694
42200,4338,4200,4103,4014,3856,3700
42300,4262,4217,3970,3882,3837,3597
42400,4431,4250,4129,4073,3889,3724
42500,4348,4257,4049,3954,3753,3572
42600,4237,3990,3928,3824,3628,3499
42700,4442,4246,4129,4107,3890,3615
42800,4181,3995,3883,3872,3673,3529
42900,4319,4290,3970,3975,3758,3679
43000,4427,4098,4012,4010,3785,3641
43100,4482,4262,4044,3920,3641,3667
43200,4326,4129,3929,3914,3846,3760
43300,4632,4448,4232,4221,3741,3617
43400,4517,4136,3914,3900,3680,3534
43500,4449,4249,4101,4092,3867,3710
43600,4437,4249,4074,4086,3789,3637
43700,4307,4113,3983,3954,3793,3694
43800,4464,4279,4031,4026,3785,3643
43900,4326,4143,4185,4173,3939,3756
44000,4645,4497,4471,4268,4031,3673
44100,4520,4220,4198,4070,3898,3681
44200,4349,4361,4185,4236,3984,3883
44300,4432,4205,4024,4011,3858,3693
44400,4489,4338,4073,4066,3831,3687
44500,4506,4483,4375,4385,4172,3956
44600,4712,4557,4368,4351,4071,3843
44700,4855,4589,4370,4363,4010,3848
44800,4738,4381,4217,4156,3923,3683
44900,4525,4281,4083,4128,4012,3698
45000,4575,4421,4207,4244,3977,3826
45100,4743,4545,4246,4258,4063,3815
45200,4607,4366,4130,4120,3886,3760
45300,4609,4671,4425,4339,4085,3748
45400,4585,4477,4128,4115,3886,3744
45500,4764,4424,4140,4195,4115,3950
45600,4861,4688,4185,4248,3865,3725
45700,4819,4539,4319,4278,3955,3735
45800,4898,4803,4385,4382,4088,4028
45900,4902,4714,4303,4351,4099,3932
46000,4880,4613,4286,4222,4007,20898
46100,5028,4664,4232,4319,4000,3785
46200,4704,4529,4256,4261,4007,3881
46300,4952,4611,4222,4280,4182,3827
46400,4868,4677,4420,4400,4025,3890
46500,5157,4694,4415,4408,4043,3917
46600,4827,4747,4497,4584,4339,4156
46700,5144,4991,4590,4559,4076,3955
46800,4979,4726,4517,4422,4162,4008
46900,4778,4750,4448,4420,4054,3903
47000,4963,4707,4438,4395,4149,4011
47100,5073,4657,4411,4343,4147,3860
47200,4989,4833,4480,4369,4126,3881
47300,4722,4514,4227,4410,4303,4137
47400,4797,4582,4393,4390,4222,4055
47500,5172,4647,5096,4649,4223,4686
47600,5237,4772,4546,4785,4223,4033
47700,5294,4656,4552,4653,4064,4117
47800,4936,4758,4382,4329,4066,3938
47900,5168,4925,4643,4561,4138,4063
48000,4896,4794,4547,4362,4133,3990
48100,5191,4779,4511,4553,4253,4002
48200,5208,4852,4546,4545,4325,4158
48300,5117,4855,4578,4571,4279,4094
48400,4930,4678,4418,4414,4175,11622
48500,5099,5271,4740,4389,4203,4019
48600,5119,4856,4507,4529,4287,4135
48700,5157,4741,4504,4565,4277,4099
48800,5335,5019,4792,4705,4320,4073
48900,5311,5021,4520,4591,4152,4280
49000,5080,4964,4646,4423,4184,4377
49100,4996,4720,4690,4496,4378,4157
49200,5264,4794,4517,4515,4267,4298
49300,5106,5001,4509,4611,4188,4077
49400,5253,4957,4701,4705,4497,4378
49500,5200,5031,4943,4884,4589,4436
49600,5448,5164,4870,4587,4306,4213
49700,5250,4973,4791,4700,4459,4290
49800,5132,4809,4510,4519,4262,4127
49900,5179,4826,4589,4546,4336,4269
50000,5462,5162,4726,4734,4687,4295
50100,5274,4993,4697,4527,4278,4146
50200,5216,4991,4677,4899,4616,4478
50300,5514,5227,4882,4679,4423,4267
50400,5424,5031,4747,4649,4384,4245
50500,5515,5202,4931,4843,4630,4473
50600,5516,5208,4829,4712,4476,4368
50700,5315,5022,4792,4735,4478,4341
50800,5474,5198,4773,4740,4470,4271
50900,5546,5245,5036,4958,4599,4415
51000,5435,5061,4769,4807,4623,4304
51100,5575,5262,4940,4771,4638,4492
51200,5587,5294,4992,4988,4709,4556
51300,5497,5176,4966,4701,4389,4553
51400,5314,4971,4645,4788,4530,4313
51500,5394,4981,4888,4655,4615,4405
51600,5399,5105,4678,4672,4428,4354
51700,5699,5209,4901,4739,4468,4427
51800,5461,5032,4820,4899,4721,4384
51900,5444,5042,4959,4698,4460,4403
52000,5522,5242,5146,4928,4674,4513
52100,5535,5081,5001,5004,4772,4720
52200,5523,5080,4805,4799,4555,4548
52300,5488,5195,4967,4709,4464,4453
52400,5728,5415,4959,4776,4538,4530
52500,5436,5283,5063,4974,4669,4654
52600,5551,5139,4815,4911,4487,4476
52700,5757,5236,5027,4733,4524,4543
52800,5596,5106,4844,4793,4774,4544
52900,5802,5413,4983,4840,4522,4736
53000,5577,5256,4979,4828,4703,4688
53100,5621,5296,5071,5014,4740,4749
53200,5778,5472,6037,5539,4734,4657
53300,5634,5199,5245,5170,4837,4615
53400,5594,5278,5094,4950,4588,4731
53500,5424,5251,5045,4936,4574,4656
53600,5599,5245,5032,4897,4963,4736
53700,5606,5300,5125,4955,4592,4593
53800,5813,5408,4992,4861,4662,4695
53900,5745,5553,5322,5291,4916,4664
54000,5527,5363,4920,4901,4625,4635
54100,5556,5215,4963,5160,4818,4788
54200,5809,5501,5176,5191,4920,4820
54300,5972,6637,5300,5262,5179,5159
54400,5824,5521,5115,5073,4741,4932
54500,5737,5389,4946,5130,4831,5005
54600,5765,9228,6574,6339,5254,5443
54700,6197,6476,5416,5365,5044,5314
54800,5914,5554,5238,5281,4913,4804
54900,5927,5583,5334,5420,4962,4945
55000,6059,5720,5043,5011,4874,4758
55100,5906,5532,5421,5251,4870,4737
55200,5678,5280,5062,5164,4693,4732
55300,6058,5948,5345,4996,4742,4903
55400,5846,5475,5245,5203,5111,4912
55500,5860,5656,5138,5040,4742,4776
55600,6214,5680,5281,5185,4803,4795
55700,6419,5931,5742,5664,5403,5230
55800,6083,6114,6308,6499,5786,7519
55900,5929,7171,5424,5608,5191,7157
56000,6256,6051,6484,5342,4966,5103
56100,6068,5661,5364,5338,5090,5076
56200,6261,5659,5426,5349,4810,4857
56300,6121,5630,5093,5164,5196,5107
56400,6128,5855,5479,5317,5040,5160
56500,6111,5657,5328,5328,4838,4844
56600,5931,5489,5293,5295,5039,5144
56700,6355,5718,5565,5488,5701,5729
56800,6236,5791,5524,5218,4845,4838
56900,5906,5710,5276,5437,5151,5357
57000,6660,6818,5699,5672,5407,5325
57100,6773,5932,5554,5460,5032,5096
57200,6276,5729,5400,5413,5130,5198
57300,6335,5921,5715,5666,5196,5136
57400,6217,5687,8060,5693,6677,9629
57500,7032,5916,5448,5263,5292,5022
57600,6113,5545,5245,5250,4936,4938
57700,6208,5829,5209,5260,5039,5060
57800,6146,5618,5225,5294,5147,5221
57900,6099,5726,5396,5271,5021,5203
58000,6408,5675,5450,5452,5029,5161
58100,6382,5852,5458,5442,5041,5189
58200,6085,5680,5389,5344,5143,5156
58300,6201,5732,5291,5303,4984,4988
58400,6317,5893,5568,5566,5300,5145
58500,6225,5975,5309,5339,5000,4991
58600,6135,5629,5345,5481,5240,5149
58700,6229,5763,5577,5468,5168,5083
58800,6289,5686,5567,5350,5271,5165
58900,6407,5883,5391,5338,5174,5243
59000,6497,5931,5558,5471,5389,5141
59100,6428,5935,5739,5545,5397,5400
59200,6801,6038,5748,6315,5492,5325
59300,8053,5983,5619,5783,5669,5278
59400,6152,6017,5734,5566,5094,5352
59500,6404,5914,5493,5544,5082,5127
59600,6123,5720,5377,5359,5099,5091
59700,6077,5900,5686,5601,5109,5169
59800,6132,5985,5635,5417,5302,5558
59900,6550,5757,5781,5478,5461,5323
60000,6290,5901,5620,5476,5292,5187
60100,6480,6220,5470,5658,5332,5380
60200,6641,6337,5984,5974,5683,5661
60300,6754,5834,5664,5474,5235,5188
60400,6615,6258,5672,5651,5509,5499
60500,6591,6053,5554,5492,5176,5193
60600,6207,5887,5542,5761,5265,5281
60700,6350,6203,5696,5847,5409,5318
60800,6401,6053,5800,5683,5323,5216
60900,6504,5888,5677,5710,5463,5571
61000,6551,6030,5747,5760,5362,5285
61100,6678,6044,5725,5570,5521,5666
61200,6329,5890,5684,5710,5295,5646
61300,6414,6118,5616,5558,5317,5329
61400,6446,5972,5649,5677,5605,5394
61500,6562,6166,6010,5780,5446,5510
61600,6543,5931,5684,5849,5611,5507
61700,6430,5937,5637,5616,5338,5330
61800,6842,6325,6018,5985,5396,5955
61900,6568,6148,6184,6050,5605,5364
62000,6713,6215,5771,5851,5483,5741
62100,6883,6324,5836,5757,5610,5468
62200,6742,6336,6062,5823,5686,5572
62300,6802,5984,5750,5668,5476,5349
62400,6487,5993,5994,5686,5924,5597
62500,6748,6276,6207,5913,5850,5655
62600,6571,6208,5817,5769,5580,5494
62700,6866,6002,5934,5909,5815,5406
62800,6789,6039,6038,5835,5600,5387
62900,6760,6152,5881,5884,5888,5430
63000,6669,6411,6052,6008,5883,5417
63100,6618,6200,5866,5809,5846,5634
63200,6632,6197,6176,5757,5706,5425
63300,6717,6131,5910,5752,5937,5473
63400,6488,6303,6121,6238,5947,5626
63500,6828,6256,6172,6238,5805,5627
63600,6762,6375,6074,5848,5975,5480
63700,6921,6329,6176,6160,6200,6505
63800,6892,6430,6151,5842,6211,5767
63900,6658,6587,6270,5978,6058,5801
64000,6947,6378,6210,8533,6547,5962
64100,9160,10979,7850,6577,6650,8838
64200,9425,6384,12424,6270,6068,5746
64300,7314,6813,6388,6163,6369,5747
64400,7025,6588,6760,5928,6105,5986
64500,6806,6661,6574,7791,6257,5910
64600,7535,6995,6412,6174,6553,5971
64700,6956,6458,6496,6001,6167,5819
64800,6605,6641,6349,6128,6107,5588
64900,6950,6509,6155,5979,5856,5594
65000,6896,6476,6935,6025,5973,5685
65100,7077,6525,6517,6049,6117,5778
65200,7192,6783,6551,6358,6303,5798
65300,6739,6591,6562,5931,6227,6185
65400,8317,8709,6491,6856,6361,5892
65500,6812,6540,6532,5913,6100,5783
65600,6982,6576,6580,6308,6163,5771
65700,7014,6537,6476,5962,6188,5854
65800,6975,6284,6302,6109,6057,5973
65900,7023,6610,6385,6017,5970,5676
66000,6901,6392,6348,6003,5978,5731
66100,6738,6338,6362,6215,6330,5672
66200,7097,6508,6515,6303,6004,5994
66300,6779,6602,6341,6039,6136,5770
66400,6786,9592,6660,6065,6367,5975
66500,7030,6801,6360,6416,6404,5779
66600,7476,6772,6631,6066,6277,5819
66700,6851,6398,6769,6172,6066,5805
66800,7244,6419,6706,6266,6068,6011
66900,7001,6623,6417,6236,6325,5944
67000,6898,6674,6516,6125,6120,5826
67100,7009,6427,6424,6126,6230,5792
67200,7181,6743,6851,6600,6445,5774
67300,6996,6532,6481,6146,6093,5789
67400,7327,6844,6903,6445,6452,6149
67500,6955,6494,6523,6154,6112,5851
67600,7213,6800,6799,6408,6249,5968
67700,7101,6519,6613,6383,6379,6069
67800,6954,6675,6631,6327,6083,5796
67900,7090,6568,6507,6145,6187,5888
68000,7133,6760,6748,6386,6378,6062
68100,7098,6625,6688,6155,6333,5952
68200,7210,6519,6602,6403,6151,5880
68300,7243,6804,6799,6427,6143,5866
68400,7256,6757,6744,6469,6490,6121
68500,6961,6517,6491,6167,6151,5916
68600,7078,6739,6639,6187,6213,5937
68700,7264,6850,7143,6461,6456,6180
68800,7300,6866,6855,6244,6567,6107
68900,46271,6707,6851,6442,6416,6170
69000,7315,6632,6750,6249,6255,5953
69100,7254,6893,6853,8220,7003,6720
69200,7364,6860,6807,6310,6652,6068
69300,9655,13346,7412,6515,9514,9657
69400,8042,7618,7120,6724,6758,6466
69500,7354,6930,6935,6552,6339,6208
69600,7338,6690,6676,6297,6291,6018
69700,7279,7055,7019,6509,6537,6271
69800,7434,6826,6750,6388,6598,6316
69900,7306,7068,7005,6428,6428,6127
70000,7305,6896,6758,6353,6366,6250
70100,7255,6809,6794,6434,6432,6114
70200,7496,7066,6790,6380,6498,6090
70300,7493,7062,6818,6390,6405,6102
70400,7475,7014,6941,6642,6642,6177
70500,7262,6817,6844,6418,6419,6100
70600,7200,6937,6786,6371,6390,6088
70700,7518,6832,6865,6448,6545,6151
70800,7461,6847,6921,6405,6425,6089
70900,7389,6916,7115,6734,6764,6423
71000,7442,7036,6892,6582,6657,6199
71100,7438,6932,7178,6742,6825,6886
71200,7841,7134,8289,14561,6703,6410
71300,7452,7008,7385,6857,6986,6632
71400,7461,7323,7349,7047,6824,6220
71500,7404,6951,6961,6541,6512,6226
71600,7466,7080,7042,6845,6851,6512
71700,8319,8083,7281,7003,20481,6814
71800,7860,7117,7161,6917,6688,6246
71900,7699,7349,7463,7162,7433,6274
72000,7644,7196,7249,6980,6741,6434
72100,7475,7586,7303,6851,6522,6506
72200,7583,7309,7301,6885,6705,6307
72300,7941,7561,7459,7451,7009,6946
72400,7414,6973,6997,6552,6897,6480
72500,7575,7230,7243,6635,6775,6611
72600,7915,7393,7298,6938,6839,6493
72700,7488,13406,7894,7672,7022,6645
72800,7977,7351,7300,6757,6656,6296
72900,7947,7185,7241,6812,6803,6560
73000,7863,7466,7599,6990,6783,6459
73100,7969,7382,7315,6972,7163,6877
73200,7909,7485,7395,6841,6779,6607
73300,7796,7373,7356,6859,6678,6407
73400,7689,7299,7497,6878,6872,6597
73500,8202,7780,7711,6885,6964,6640
73600,7882,7189,7182,6786,6780,6472
73700,7857,7622,7521,7005,6881,6537
73800,7801,7497,8339,7205,6966,6775
73900,7862,7329,7514,7112,7318,6724
74000,7724,7336,7116,7068,7049,6739
74100,7902,7160,7175,7059,7039,6885
74200,7957,7489,7127,6720,6716,6423
74300,7594,7298,7303,6906,6906,6543
74400,7905,7749,7335,7094,7074,6556
74500,7893,7574,7496,7151,7246,6942
74600,7891,7643,7516,7337,6990,6682
74700,7581,7192,7175,6888,6894,6570
74800,7716,7503,7290,7178,7222,6734
74900,8460,7519,7737,7035,7114,7059
75000,7887,7309,7486,7144,6917,6739
75100,7753,7269,7364,6947,7106,6980
75200,8256,7733,7512,7158,7036,6809
75300,7874,7277,7430,6839,6848,6550
75400,8069,7496,7476,7082,7154,6626
75500,8201,7540,7408,6891,6909,6643
75600,8157,8021,7650,7122,6972,6666
75700,7887,7719,7470,6990,7225,6910
75800,7943,7347,7342,6904,6913,6592
75900,8080,7641,7758,7218,7218,7316
76000,8189,7788,7741,7041,7032,6756
76100,8105,7518,7757,7451,7031,6891
76200,8109,7820,9152,7517,7270,6860
76300,8234,7468,7720,7055,7181,6777
76400,8071,7563,7570,7353,7120,6688
76500,7918,7462,7605,7405,7968,7398
76600,8150,7619,7805,7289,7287,7276
76700,7821,7571,7640,7377,7365,7116
76800,8050,7759,7810,7092,7251,6898
76900,8097,7592,7631,7620,6972,6722
77000,8551,7780,7561,7750,7095,7435
77100,8474,7700,7710,7107,7260,7966
77200,11055,10449,12722,8154,8425,11388
77300,9081,8179,8189,7170,7368,6807
77400,8308,7876,7852,8105,7694,7051
77500,8191,7711,7620,7201,7250,6965
77600,8789,7625,7989,7588,7070,6987
77700,8136,7570,7478,7151,7171,8060
77800,8490,8047,7586,7169,7172,7207
77900,8173,7542,7943,7536,7164,7051
78000,8415,7730,7626,7253,7220,7035
78100,8974,8158,7897,7490,7483,7027
78200,8287,7935,7921,7526,7435,6984
78300,8264,7604,7637,7315,8188,8137
78400,8614,7948,7950,7278,7244,7011
78500,8339,7693,7661,7129,7295,7275
78600,8652,8748,8124,7486,7235,7282
78700,8123,7722,7533,7171,7323,7233
78800,8511,7869,7885,7437,7548,7257
78900,9030,8786,8271,7420,7296,7317
79000,8292,7773,8121,7427,7562,7237
79100,8470,8103,7841,7146,7301,7023
79200,8083,7674,7767,7515,8001,7427
79300,8200,7809,8028,7513,7262,7108
79400,8593,7924,7728,7584,7556,7242
79500,8325,8000,8458,7599,7619,7287
79600,8392,7670,7875,7660,7601,7339
79700,8425,7839,7782,7453,7657,7213
79800,8549,8306,8157,7808,7557,7070
79900,9347,9409,7841,7774,8298,7065
80000,8734,8120,7933,7473,7642,7250
80100,8749,8368,8387,7864,7800,7118
80200,8598,7989,7718,7305,7400,7179
80300,8902,7708,7706,7272,7258,7348
80400,8583,8033,8109,7419,7884,7153
80500,9214,8766,8129,7678,7557,7035
80600,8588,8124,8073,7649,7673,7339
80700,8614,7927,8150,7697,7705,7326
80800,8373,8168,8468,7973,7857,7328
80900,8799,7958,8031,7468,7524,7121
81000,8762,8091,8103,7699,7681,7261
81100,8508,7846,7913,7489,7846,7653
81200,8563,8117,8124,7690,7676,7363
81300,8629,8105,8083,7871,7692,7308
81400,8528,8080,8053,7367,7655,7198
81500,8952,8409,8375,7641,7890,7234
81600,8822,8627,8451,7905,7902,7354
81700,8714,8252,8241,7665,7662,7326
81800,9078,8605,8588,7821,7566,7326
81900,8686,8152,8136,7678,7690,7417
82000,8634,8201,8291,8177,7966,7347
82100,8468,8037,8018,7604,7549,7256
82200,8795,8410,8068,8031,7857,7721
82300,8529,7977,7947,7645,7636,7414
82400,8742,8292,8269,7841,7738,7388
82500,8887,8272,8196,7863,7773,7317
82600,8596,8069,7962,7632,7524,7695
82700,9078,8405,8312,7770,7667,7431
82800,8834,8415,8318,7671,7529,7418
82900,8509,8115,8025,7715,7572,7261
83000,8966,8494,8675,8307,7684,7368
83100,8777,8149,8043,7803,7602,7721
83200,9048,8218,8330,7822,7667,7519
83300,8672,8228,8207,8003,7733,7596
83400,9312,8884,8740,8461,7998,7521
83500,9159,8486,8212,7955,7752,7607
83600,8987,8903,8884,8200,7972,7520
83700,9270,8801,8757,8380,7903,7464
83800,9106,8528,8209,7886,7599,7288
83900,9264,8629,8469,8229,7982,7655
84000,9621,8769,8517,8285,8010,7733
84100,9022,8454,8235,8050,7807,7656
84200,9290,8759,8315,8055,7659,7404
84300,8700,8332,8138,8124,7836,7463
84400,8868,8462,8273,8057,7685,7433
84500,8727,8365,8462,8179,7971,7743
84600,9608,8777,8452,8328,8005,7711
84700,9075,8725,8496,8499,8154,7806
84800,9182,8810,8847,8668,8199,7988
84900,8988,8478,8270,8053,7741,7446
85000,8927,8651,8573,8509,8113,7589
85100,9533,9056,8404,8217,7708,7445
85200,9190,8810,8573,8499,8248,7902
85300,9603,8901,8672,8283,8247,7723
85400,9543,8915,8730,8314,7870,7673
85500,9213,8868,10393,9375,8359,8056
85600,14578,11671,8818,10784,8560,8568
85700,9466,14373,9244,9025,9949,9414
85800,15163,14337,9544,8863,8109,7927
85900,9290,8844,8533,8553,8140,7889
86000,9027,8568,8253,8270,7815,7537
86100,9644,9458,8931,8743,8195,7771
86200,9720,9173,8680,8370,7917,7840
86300,9108,9070,8559,8660,8313,8281
86400,9105,8644,8523,8615,8117,7596
86500,8975,9630,9222,8526,8034,7988
86600,9573,8749,8665,8487,8086,8120
86700,9768,9161,9171,9287,9701,8352
86800,9173,8776,8550,8655,8282,8026
86900,9438,11235,19890,9015,8581,8995
87000,10249,10215,25392,8547,8667,7824
87100,9560,8864,8755,9043,8319,7912
87200,9387,9306,8467,8412,8193,8104
87300,9370,8990,8889,8836,8343,7949
87400,9481,9074,8621,8662,8317,8186
87500,9720,9067,8597,8598,8580,8068
87600,9347,8955,8578,9355,8130,8143
87700,9316,8912,8595,8726,8251,8018
87800,9591,8973,8621,8664,8247,7834
87900,9817,9029,8838,8678,8311,7860
88000,9289,8859,8723,8937,8309,8013
88100,10700,8946,8992,9197,8594,9482
88200,9194,9033,8783,9025,8752,7909
88300,9776,9309,9016,8895,11696,7719
88400,9699,9102,8750,8621,8555,8021
88500,9658,9305,9087,8669,8452,7921
88600,9751,9141,8745,9156,8573,8156
88700,9393,9415,8971,8579,8425,7898
88800,9447,9570,9104,8958,8261,8039
88900,9730,9341,8823,8691,8614,8028
89000,9699,9622,9154,9022,8412,8024
89100,9698,9139,9229,9048,8326,7922
89200,9856,9005,9000,8792,8351,8318
89300,9778,9497,8670,8876,8338,8154
89400,9557,9323,8777,9287,8463,8048
89500,9989,9673,8844,8952,8895,7965
89600,9813,9354,9261,8862,8733,8057
89700,9701,9268,8797,8813,8752,8163
89800,9792,9290,10713,9231,8453,8023
89900,10185,9422,9288,11064,8734,8246
90000,9841,9476,8883,9310,8968,8235
90100,9780,9394,8869,8616,8252,7923
90200,10227,9522,9231,8908,8664,8122
90300,9459,9161,8715,8927,8571,8092
90400,21466,9872,9354,8831,8596,10538
90500,9887,9421,8803,8871,8586,8192
90600,9887,9429,9074,9030,8825,8137
90700,10708,9973,9322,9385,8566,8100
90800,9735,9782,9033,9121,8514,8139
90900,9830,9993,9551,9200,8891,8363
91000,10091,9640,9169,9167,8604,8528
91100,9972,9703,9222,9554,9021,8133
91200,9560,9667,8838,8948,8900,8215
91300,10061,9729,9196,10440,8475,8083
91400,10639,9852,9241,9154,8941,8280
91500,10438,9777,8972,10991,10383,8345
91600,9887,9856,9235,9326,8501,8242
91700,9745,9715,9595,9298,8822,8475
91800,12707,9743,9087,8903,8766,8368
91900,10407,9783,9546,9205,8542,8357
92000,11508,9637,8975,9420,8675,8410
92100,10285,9656,8979,10301,8819,8263
92200,11579,12027,9242,9407,8929,8492
92300,10042,9580,9160,9071,11046,8219
92400,10235,9704,9427,9364,8497,8464
92500,10495,9630,9076,9387,8891,10390
92600,10284,11610,9328,9176,8805,8381
92700,10408,9563,9068,9170,8936,8759
92800,10545,9783,8990,9212,8640,8481
92900,10016,9646,9433,9383,8872,9402
93000,10570,9937,9394,9497,8618,8285
93100,10074,9950,9429,9087,8525,8456
93200,10114,9642,9604,9352,8650,11050
93300,10398,9767,9468,11129,8979,8713
93400,12442,9810,9322,9106,8992,8346
93500,12024,9884,9295,9277,11004,8680
93600,10440,9732,9208,9450,9024,8430
93700,10471,9778,10686,9107,8921,8740
93800,10583,11074,9388,9165,8779,8506
93900,10621,9779,9563,9707,9280,8615
94000,10491,9695,10311,9226,9285,8543
94100,10209,12461,9755,9066,8896,8463
94200,10652,11018,9614,9578,8788,8624
94300,12346,9788,9252,9611,8763,8798
94400,10426,9761,9241,10058,8940,8680
94500,11527,10046,9157,10096,10862,8846
94600,10705,10150,9053,9770,8875,8463
94700,10085,9766,9434,9116,11110,8569
94800,10745,9879,9328,9283,10227,8443
94900,10316,9909,9598,11440,8828,8664
95000,12195,10198,9663,9494,8840,8732
95100,10550,10191,10782,9507,9208,8992
95200,10477,10076,9467,9512,9082,8788
95300,11086,10195,9327,9431,8858,8489
95400,10917,10173,9571,9594,9149,8491
95500,10301,10125,9691,10627,9292,9439
95600,10514,10006,9473,9686,10028,8750
95700,10620,10086,9324,9301,8781,8607
95800,10882,9883,9636,9537,9094,8742
95900,10974,9947,9331,9304,8862,8595
96000,10758,10519,9752,9659,9172,8851
96100,10847,9831,9295,9288,8773,8518
96200,10569,9920,9406,9363,9201,8687
96300,10805,10211,9764,9791,9183,8809
96400,10415,9920,9422,9370,8947,8513
96500,10599,9891,9328,9290,8818,8521
96600,10855,10371,9810,9421,8977,8683
96700,11177,10662,9845,9968,9319,8969
96800,11142,10620,9750,9682,8971,8751
96900,11053,10022,9484,9452,8938,9173
97000,10440,10334,9778,9754,9290,8561
97100,10817,10288,9757,9497,8984,8710
97200,11192,10380,9472,9533,8985,8561
97300,11309,10469,9908,9759,9148,9029
97400,11159,10023,9590,9458,8987,8710
97500,10562,10398,9534,9461,8956,8696
97600,11362,10683,10003,10169,9474,9124
97700,11018,10465,9941,9912,9378,9053
97800,11321,10310,9736,9464,9018,8834
97900,10651,10131,9476,9484,8993,10250
98000,11306,10072,9463,9726,9049,8740
98100,11353,10513,9913,9573,9095,9039
98200,11368,10321,9517,9463,9248,8809
98300,11335,10210,9459,9844,9174,8679
98400,10966,10361,9814,9836,9373,9054
98500,11394,10842,10251,10060,9354,8810
98600,10684,10137,9602,9542,9052,8783
98700,10981,10786,9904,9594,9385,8752
98800,10690,10137,9558,9539,9077,8791
98900,11078,10431,9701,9660,9208,8990
99000,11093,10421,10078,9844,9613,9247
99100,11016,10269,9613,9642,9065,8757
99200,10742,10510,9917,9814,9468,8911
99300,10893,10315,9463,9520,9466,8948
99400,11052,10594,9935,9935,9503,9081
99500,11260,10671,10065,10052,9530,9202
99600,11136,10291,9750,9694,9210,8997
99700,11018,10194,10156,9662,9114,8829
99800,10856,10288,9686,9719,9227,8940
99900,11059,10659,9716,9702,9183,8898
100000,11302,10839,10045,9852,9686,9286
